AgentName,Turn,Model,KnownMapSize,ResponseTimeMs,ActionType,IsColdStart
OllamaBot1,1,llama3.2:3b,2,2316,OTHER,true
OllamaBot1,2,llama3.2:3b,4,3404,OTHER,false
OllamaBot1,3,llama3.2:3b,5,3480,OTHER,false
OllamaBot1,4,llama3.2:3b,6,3666,OTHER,false
OllamaBot1,5,llama3.2:3b,7,3188,OTHER,false
OllamaBot1,6,llama3.2:3b,8,2434,OTHER,false
OllamaBot1,7,llama3.2:3b,9,3578,OTHER,false
OllamaBot1,8,llama3.2:3b,9,3757,OTHER,false
OllamaBot1,9,llama3.2:3b,9,3526,OTHER,false
OllamaBot1,10,llama3.2:3b,9,3402,OTHER,false
OllamaBot1,11,llama3.2:3b,9,3159,OTHER,false
OllamaBot1,12,llama3.2:3b,9,3111,OTHER,false
OllamaBot1,13,llama3.2:3b,9,3122,OTHER,false
OllamaBot1,14,llama3.2:3b,9,2975,OTHER,false
OllamaBot1,15,llama3.2:3b,9,3814,OTHER,false
OllamaBot1,16,llama3.2:3b,9,3140,OTHER,false
OllamaBot1,17,llama3.2:3b,9,3733,OTHER,false
OllamaBot1,18,llama3.2:3b,9,3289,OTHER,false
OllamaBot1,19,llama3.2:3b,9,4522,OTHER,false
OllamaBot1,20,llama3.2:3b,9,3179,OTHER,false
OllamaBot1,21,llama3.2:3b,9,3712,OTHER,false
OllamaBot1,22,llama3.2:3b,9,2547,OTHER,false
OllamaBot1,23,llama3.2:3b,9,5230,OTHER,false
OllamaBot1,24,llama3.2:3b,9,2991,OTHER,false
OllamaBot1,25,llama3.2:3b,9,3293,OTHER,false
OllamaBot1,26,llama3.2:3b,9,3508,OTHER,false
OllamaBot1,27,llama3.2:3b,9,4210,OTHER,false
OllamaBot1,28,llama3.2:3b,9,4627,OTHER,false
OllamaBot1,29,llama3.2:3b,9,4219,OTHER,false
OllamaBot1,30,llama3.2:3b,9,3671,OTHER,false
OllamaBot1,31,llama3.2:3b,9,2883,OTHER,false
OllamaBot1,32,llama3.2:3b,9,2443,OTHER,false
OllamaBot1,33,llama3.2:3b,9,3012,OTHER,false
OllamaBot1,34,llama3.2:3b,9,3897,OTHER,false
OllamaBot1,35,llama3.2:3b,9,2333,OTHER,false
OllamaBot1,36,llama3.2:3b,9,3411,OTHER,false
OllamaBot1,37,llama3.2:3b,9,4197,OTHER,false
OllamaBot1,38,llama3.2:3b,9,3244,OTHER,false
OllamaBot1,39,llama3.2:3b,9,2289,OTHER,false
OllamaBot1,40,llama3.2:3b,9,3548,OTHER,false
OllamaBot1,41,llama3.2:3b,9,3255,OTHER,false
OllamaBot1,42,llama3.2:3b,9,4292,MOVE,false
OllamaBot1,43,llama3.2:3b,9,3280,MOVE,false
OllamaBot1,44,llama3.2:3b,9,3475,OTHER,false
OllamaBot1,45,llama3.2:3b,9,2124,OTHER,false
OllamaBot1,46,llama3.2:3b,9,3271,OTHER,false
OllamaBot1,47,llama3.2:3b,9,3845,OTHER,false
OllamaBot1,48,llama3.2:3b,9,1976,OTHER,false
OllamaBot1,49,llama3.2:3b,9,3066,OTHER,false
OllamaBot1,50,llama3.2:3b,9,4188,OTHER,false
OllamaBot1,51,llama3.2:3b,9,5361,OTHER,false
OllamaBot1,52,llama3.2:3b,9,2068,OTHER,false
OllamaBot1,53,llama3.2:3b,9,5337,OTHER,false
OllamaBot1,54,llama3.2:3b,9,3437,OTHER,false
OllamaBot1,55,llama3.2:3b,9,2974,OTHER,false
OllamaBot1,56,llama3.2:3b,9,3365,OTHER,false
OllamaBot1,57,llama3.2:3b,9,3525,OTHER,false
OllamaBot1,58,llama3.2:3b,9,3100,OTHER,false
OllamaBot1,59,llama3.2:3b,9,3272,OTHER,false
OllamaBot1,60,llama3.2:3b,9,3787,OTHER,false
OllamaBot1,61,llama3.2:3b,9,3567,OTHER,false
OllamaBot1,62,llama3.2:3b,9,3321,OTHER,false
OllamaBot1,63,llama3.2:3b,9,3193,OTHER,false
OllamaBot1,64,llama3.2:3b,9,3384,OTHER,false
OllamaBot1,65,llama3.2:3b,9,3093,OTHER,false
OllamaBot1,66,llama3.2:3b,9,3051,OTHER,false
OllamaBot1,67,llama3.2:3b,9,2879,OTHER,false
OllamaBot1,68,llama3.2:3b,9,2960,OTHER,false
OllamaBot1,69,llama3.2:3b,9,3841,OTHER,false
OllamaBot1,70,llama3.2:3b,9,3132,OTHER,false
OllamaBot1,71,llama3.2:3b,9,3266,OTHER,false
OllamaBot1,72,llama3.2:3b,9,4361,OTHER,false
OllamaBot1,73,llama3.2:3b,9,3378,OTHER,false
OllamaBot1,74,llama3.2:3b,9,3262,OTHER,false
OllamaBot1,75,llama3.2:3b,9,1971,OTHER,false
OllamaBot1,76,llama3.2:3b,9,3508,OTHER,false
OllamaBot1,77,llama3.2:3b,9,3079,OTHER,false
OllamaBot1,78,llama3.2:3b,9,1534,OTHER,false
OllamaBot1,79,llama3.2:3b,9,4550,OTHER,false
OllamaBot1,80,llama3.2:3b,9,4698,OTHER,false
OllamaBot1,81,llama3.2:3b,9,3253,OTHER,false
OllamaBot1,82,llama3.2:3b,9,3285,OTHER,false
OllamaBot1,83,llama3.2:3b,9,2859,OTHER,false
OllamaBot1,84,llama3.2:3b,9,3028,OTHER,false
OllamaBot1,85,llama3.2:3b,9,2896,OTHER,false
OllamaBot1,86,llama3.2:3b,9,3879,MOVE,false
OllamaBot1,87,llama3.2:3b,9,3084,OTHER,false
OllamaBot1,88,llama3.2:3b,9,3079,OTHER,false
OllamaBot1,89,llama3.2:3b,9,4258,OTHER,false
OllamaBot1,90,llama3.2:3b,9,2235,OTHER,false
OllamaBot1,91,llama3.2:3b,9,4189,OTHER,false
OllamaBot1,92,llama3.2:3b,9,2737,OTHER,false
OllamaBot1,93,llama3.2:3b,9,3613,OTHER,false
OllamaBot1,94,llama3.2:3b,9,2116,OTHER,false
OllamaBot1,95,llama3.2:3b,9,3314,OTHER,false
